{
    "$schema": "https://schema.management.azure.com/schemas/2015-01-01/deploymentParameters.json#",
    "contentVersion": "1.0.0.0",
    "parameters": {
        "sites_helloworlddemoapp1_name": {
            "value": null
        },
        "sites_real_helloworldapp_name": {
            "value": null
        },
        "sites_helloworldapp_qa_testing_name": {
            "value": null
        },
        "components_helloworlddemoapp1_name": {
            "value": null
        },
        "components_real_helloworldapp_name": {
            "value": null
        },
        "serverfarms_ASP_HelloWorldApp_bba3_name": {
            "value": null
        },
        "components_helloworldapp_qa_testing_name": {
            "value": null
        },
        "actionGroups_Application_Insights_Smart_Detection_name": {
            "value": null
        },
        "smartdetectoralertrules_failure_anomalies___helloworlddemoapp1_name": {
            "value": null
        },
        "smartdetectoralertrules_failure_anomalies___real_helloworldapp_name": {
            "value": null
        },
        "smartdetectoralertrules_failure_anomalies___helloworldapp_qa_testing_name": {
            "value": null
        },
        "workspaces_DefaultWorkspace_e3640ff3_9745_44c8_a245_2db6304266fc_EUS_externalid": {
            "value": null
        }
    }
}